Tiempo(s),ps0,ps7,ps5,ps2,Enc_Izq,Enc_Der
0.032,63.661986392768526,68.31835944115898,63.764686564764126,69.72902373751984,132.33844,134.7374
0.064,61.33395877391072,69.98390175304829,71.48557095442982,66.76852741590989,132.43892,134.8316
0.096,67.79212422639874,70.27284207699638,71.72911516248047,68.71471178911493,132.53312,134.93208
0.128,65.12323371561816,67.0684301241127,69.9682797330093,70.23625733432512,132.62732,135.02627999999999
0.16,69.65102445933502,66.81719804950698,62.72145560694713,66.59716278911816,132.72152,135.12048
0.192,67.91515692747836,65.04791981242943,65.80231044871363,69.74630043932844,132.822,135.21468
0.224,62.822918280007435,67.4289619275618,64.97159379863234,67.04181261225409,132.9162,135.31516
0.256,64.47864997406009,70.8050159716955,68.08024756492544,63.38677652571192,133.0104,135.40936
0.28800000000000003,72.76020843703861,66.48059923421282,63.73115423201242,68.85290062479334,133.11088,135.50356
0.32000000000000006,66.5327113795977,64.9405119371097,74.82776379635463,64.20646442918029,133.20508,135.59776
0.3520000000000001,66.83767316804558,68.63013710310624,57.39907490458216,60.77796243616181,133.29928,135.69824
0.3840000000000001,58.89512668185592,59.88680879021298,71.09819316326478,69.27001688675018,133.39348,135.79244
0.41600000000000015,67.05578931199047,65.89048608150355,71.89432167303846,72.75844863056024,133.49396,135.88664
0.4480000000000002,61.55329742905028,64.9923054327153,67.55304238632345,67.64144326000265,133.58816,135.98712
0.4800000000000002,71.16212433205023,66.32599338023135,67.12673896939106,66.8273302930709,133.68236,136.08132
0.5120000000000002,65.57367933306284,72.53495022642717,64.85075973104982,54.66788724248961,133.77656,136.17552
0.5440000000000003,70.14256897284444,69.8331272980764,61.35353119302679,69.06712798467719,133.87704,136.26972
0.5760000000000003,65.33383297651572,68.78820378143172,71.60147956838499,64.64161959475977,133.97124,136.3702
0.6080000000000003,63.284387955928416,68.4568694730388,74.12034531958615,63.42266960946911,134.06544,136.4644
0.6400000000000003,66.61464121437402,63.746205481911275,68.14640803173114,70.78224464206129,134.16592,136.5586
0.6720000000000004,68.09786643640629,65.876334691924,69.67955265263906,69.4194044118152,134.26012,136.6528
0.7040000000000004,73.48717565907434,66.56417159222529,66.45167333172259,65.62216648323336,134.35432,136.75328
0.7360000000000004,68.15500764082111,64.81628776062458,60.3387528670366,66.60973873555463,134.44852,136.84748
0.7680000000000005,67.73475469462775,73.45421843247843,67.1129761903214,66.99590158750681,134.549,136.94168
0.8000000000000005,66.61884897556057,61.45962502793987,62.182255119418606,68.6791909262602,134.6432,137.04216
0.8320000000000005,67.8788553899973,68.48916154555997,67.5776076592859,72.35805931929366,134.7374,137.13636
0.8640000000000005,69.8089163927495,71.23676795223558,66.02356361090541,65.16600472560347,134.8316,137.23056
0.8960000000000006,65.37089541997756,69.76329198996213,70.7336362441394,70.9666572520742,134.93208,137.32476
0.9280000000000006,67.51036077066911,62.06946648486711,69.29532875800695,67.67297929552656,135.02627999999999,137.42524
0.9600000000000006,66.30708791724884,65.36160816712817,71.3196517196158,68.28440776068838,135.12048,137.51944
0.9920000000000007,72.05570758177198,63.063389288891486,67.12451686069434,73.65669671443409,135.22096,137.61364
1.0240000000000007,63.23479131612567,63.58387453688988,67.62864513043988,62.727858419068184,135.31516,137.70784
1.0560000000000007,61.20973534693474,67.37587211248999,69.33403643362249,66.10801796624938,135.40936,137.80832
1.0880000000000007,65.98725132236257,67.34719874909506,70.83771848343014,69.81161686957132,135.50356,137.90252
1.1200000000000008,62.09980496563806,62.7770968956903,63.97857443854257,67.02902438839966,135.60404,137.99672
1.1520000000000008,67.2133859354629,67.00608341256661,67.90401761869366,69.30811227741329,135.69824,138.0972
1.1840000000000008,67.68560293462238,68.93266534337046,67.93551449444392,68.84568910579472,135.79244,138.1914
1.2160000000000009,60.30423657014282,64.65618201947163,66.10870635596162,66.03006092252974,135.88664,138.2856
1.2480000000000009,63.67526268489749,69.24433567175825,65.77056237111917,66.65255882211127,135.98712,138.3798
1.280000000000001,65.75628917288054,70.41759489663002,66.85984260952141,69.95946624903753,136.08132,138.48028
1.312000000000001,67.98643925551187,62.22424815227174,62.879301611515196,72.49250264138178,136.17552,138.57448
1.344000000000001,69.92697390725652,65.15718145869552,64.40344410122741,57.99336251098871,136.276,138.66868
1.376000000000001,67.5216815757565,67.16666388645595,68.00210673660054,63.6217357561494,136.3702,138.76916
1.408000000000001,66.7193409479038,68.8061899604429,65.89950953293825,66.48074128735796,136.4644,138.86336
1.440000000000001,63.59491020911424,67.76150680946114,62.48480808713583,70.76433702472498,136.5586,138.95756
1.472000000000001,65.90611952637524,71.37169846118785,66.8569798510185,70.07303290827403,136.65908,139.05176
1.5040000000000011,70.30293326684695,68.83517578254886,72.24533433367228,68.10968392290023,136.75328,139.15224
1.5360000000000011,67.59186521978165,59.7798550276289,63.18959349112682,63.78834611737698,136.84748,139.24644
1.5680000000000012,61.13992342024029,73.18001375996928,66.4682076704985,71.62685227003976,136.94796,139.34064
1.6000000000000012,66.32879368162986,67.00692401750649,71.64057179342885,64.54200724186639,137.04216,139.43484
1.6320000000000012,61.60455394270448,64.93063205367022,70.11542486395969,66.83039183891319,137.13636,139.53532
1.6640000000000013,64.93473809872776,71.0005288591915,67.2797762737595,69.84891334879892,137.23056,139.62952
1.6960000000000013,71.00232970353942,66.13298915438094,69.04923747046836,66.97532554235619,137.33104,139.72372
1.7280000000000013,65.1814748731116,64.19443077571722,64.51813511627343,68.78600714611939,137.42524,139.8242
1.7600000000000013,66.0489140725588,67.37941858184395,64.08473507772814,69.5200391717406,137.51944,139.9184
1.7920000000000014,66.58705531443566,61.02928552364988,68.43477205938383,64.00172385323336,137.61364,140.0126
1.8240000000000014,68.19446888992493,64.82585171743116,64.70579087942907,62.73852068767644,137.71412,140.1068
1.8560000000000014,66.5962860543612,77.66088018593223,72.36520865691129,69.33000903218414,137.80832,140.20728
1.8880000000000015,67.38995048102235,73.28201161373205,68.03143010633288,69.1459437570925,137.90252,140.30148
1.9200000000000015,66.29680865927644,71.82952717308947,72.14225835230866,75.05963398062659,138.003,140.39568
1.9520000000000015,70.05887111468668,69.47435152469842,68.10623313004513,68.45938644181113,138.0972,140.48988
1.9840000000000015,64.81653064506779,67.68694847738888,67.63386395514527,65.84942502023796,138.1914,140.59036
2.0160000000000013,68.26566612316678,69.80364990706575,64.97994650145726,63.977090639753634,138.2856,140.68456
2.0480000000000014,68.53292398688916,71.61977178193285,65.40960487042054,60.44383629667953,138.38608,140.77876
2.0800000000000014,61.08304121625122,67.6713748985976,68.83450051222306,64.81566347712115,138.48028,140.87924
2.1120000000000014,70.51400804883738,62.70426522033861,71.2331535049418,70.53305660734921,138.57448,140.97344
2.1440000000000015,67.84275555263676,65.63433757572432,66.53523061676134,64.9620656935114,138.66868,141.06764
2.1760000000000015,66.25912301548948,70.89638077656744,67.48781510112907,65.14656801546887,138.76916,141.16184
2.2080000000000015,66.70523222625043,69.18179880543511,68.45714000787711,69.57860819154764,138.86336,141.26232
2.2400000000000015,72.07228297753755,68.10650436049521,70.21240850830432,63.88653603785097,138.95756,141.35652
2.2720000000000016,63.93030761970016,70.75142888342315,65.58889202253395,67.5460744203481,139.05804,141.45072
2.3040000000000016,65.11530560947352,72.79515824438434,71.66891987614186,57.55679739069326,139.15224,141.54492
2.3360000000000016,68.88363469423108,70.44373551592953,59.91759350751059,67.96822811360045,139.24644,141.6454
2.3680000000000017,67.7424801385245,62.97697019426108,71.86714751410004,61.935876407789614,139.34064,141.7396
2.4000000000000017,64.86489478572544,66.57741822584765,73.33785553714537,64.37886847464853,139.44112,141.8338
2.4320000000000017,71.62880599330025,68.41774510566636,69.73095253623872,62.83843825505532,139.53532,141.93428
2.4640000000000017,69.4342126191179,65.25175123494662,62.05856642316769,64.21991962298705,139.62952,142.02848
2.4960000000000018,67.80903489616884,67.71404436049659,68.68228232622985,75.58882724563257,139.72372,142.12268
2.528000000000002,67.1313692535349,62.681070036660934,64.69805490636143,69.08951836223979,139.8242,142.21688
2.560000000000002,69.4682444737883,67.76805542177145,75.48248510626301,62.994764953048524,139.9184,142.31736
2.592000000000002,60.621618139376125,69.19499455455633,59.569401773136995,66.94680100554386,140.0126,142.41156
2.624000000000002,62.02708167082245,61.11794510113439,69.9486325112908,76.03938583535982,140.11308,142.50576
2.656000000000002,64.77210952035684,72.6940375791872,69.66056359446348,65.53997936878604,140.20728,142.60624
2.688000000000002,66.17111906584984,66.51169494972697,69.99155848327658,64.48290572699078,140.30148,142.70044
2.720000000000002,70.29119634312704,67.34808437071285,69.93316219838199,68.80899272795173,140.39568,142.79464
2.752000000000002,67.28677266615678,68.57975809255444,67.05759606860664,69.73584003581107,140.49616,142.88884
2.784000000000002,65.15052413343444,67.94418204503765,66.78943259857357,66.65324597400127,140.59036,142.98932
2.816000000000002,62.09191768294429,70.8206671296129,70.270211442569,69.94049752351164,140.68456,143.08352
2.848000000000002,68.34520883388896,63.2628671858288,58.75393259858488,68.66287926118123,140.78504,143.17772
2.880000000000002,65.32710422667913,67.05204824742592,70.21637712217183,56.08950405865785,140.87924,143.27192
2.912000000000002,68.63351018003742,67.24734536447393,67.79922573429351,66.80157636609998,140.97344,143.3724
2.944000000000002,67.17563779130072,66.73442120859,71.65718287312501,66.70782226324516,141.06764,143.4666
2.976000000000002,65.1365713039673,62.233255140879685,67.18921379490693,68.08960255206075,141.16812,143.5608
3.0080000000000022,69.18939854752217,64.69402976096212,63.703116705044195,66.59063429282875,141.26232,143.66128
3.0400000000000023,62.48991501690449,69.81582691180765,69.41174347983892,67.82043577354152,141.35652,143.75548
3.0720000000000023,67.18394327187733,66.94675070478714,70.81674679132945,63.899993298387315,141.45072,143.84968
3.1040000000000023,65.9944812720689,70.95986332135574,64.68913699776087,60.02375650040428,141.5512,143.94388
3.1360000000000023,69.3481485108044,70.22348529640429,72.8475265885901,68.81013803977399,141.6454,144.04436
3.1680000000000024,67.60971276276068,65.343085651339,76.02879797028511,68.88603745226729,141.7396,144.13856
3.2000000000000024,64.83474407425334,66.00593063955688,67.93802567257471,64.03271721709376,141.84008,144.23276
3.2320000000000024,71.37435306265381,68.31021747182376,64.84223933053164,70.46145313934758,141.93428,144.32696
3.2640000000000025,72.37499725961365,65.07857736679142,73.19568649565149,69.04044910880235,142.02848,144.42744
3.2960000000000025,61.153708158092876,70.57090202204975,67.0784423420995,70.02914755758012,142.12268,144.52164
3.3280000000000025,68.86741852420542,63.08182565680517,71.13809733749356,71.6409636971672,142.22316,144.61584
3.3600000000000025,70.2062665483798,56.29603695576607,61.744751397352715,69.22178520299991,142.31736,144.71632
3.3920000000000026,67.0221934635917,67.10887273323281,75.24642881235398,70.65647426571985,142.41156,144.81052
3.4240000000000026,69.1366384977363,63.56839898980187,67.88922161852614,67.9389440568884,142.50576,144.90472
3.4560000000000026,65.9037950116283,71.51532887478574,64.42713139699228,68.11827349510001,142.60624,144.99892
3.4880000000000027,60.904616637598785,66.07859960281249,64.31033178505707,62.424796409431096,142.70044,145.0994
3.5200000000000027,69.54090068579498,67.03607790637399,67.87847909753154,63.2238058599672,142.79464,145.1936
3.5520000000000027,72.45259490509656,70.08185658575935,69.88473976332524,63.653753735054835,142.89512,145.2878
3.5840000000000027,70.58127762649228,62.8848646310633,71.312994493237,67.11296046869715,142.98932,145.382
3.6160000000000028,68.73590609219423,80.23126250212363,63.95483056952913,70.75931004939794,143.08352,145.48248
3.648000000000003,66.26385052191881,65.57290647603891,67.71128296518671,66.32377642536181,143.17772,145.57668
3.680000000000003,60.29108144058894,69.60200805888928,66.92486287064956,65.24262393575329,143.2782,145.67088
3.712000000000003,66.79734949288417,66.63059164575631,65.73243171238693,66.31780160049924,143.3724,145.77136
3.744000000000003,75.4279720122619,69.02948346315296,62.2937760112908,70.94799503758614,143.4666,145.86556
3.776000000000003,71.59288471007,71.96117762388212,70.56430725403968,72.41873490858967,143.5608,145.95976
3.808000000000003,60.268951833539525,65.52863479497157,68.20473492719489,64.94076504418291,143.66128,146.05396
3.840000000000003,64.64478467360772,71.33692337953762,66.01569091757855,65.98768439985672,143.75548,146.15444
3.872000000000003,61.885831857473555,64.99979602031999,66.73777752416605,66.83007372972597,143.84968,146.24864
3.904000000000003,68.35835465263028,74.6173265692092,66.4244239818531,67.77316842902326,143.95016,146.34284
3.936000000000003,70.76601770912937,72.9837479756856,66.7528023170123,61.350846987048335,144.04436,146.43704
3.968000000000003,70.87598078705322,72.23577039255221,73.21315056489235,72.27052635911721,144.13856,146.53752
4.000000000000003,60.78097719868294,64.86724428342217,73.22750144041524,61.83370242741243,144.23276,146.63172
4.032000000000003,65.07785437665501,69.71000640987208,65.11768848206705,62.36613524015855,144.33324,146.72592
4.064000000000003,67.37960832659486,66.48914204395744,67.359157308597,65.39611023476327,144.42744,146.8264
4.096000000000003,66.94878966827245,60.85448232322236,60.76912695949774,65.39336631259916,144.52164,146.9206
4.128000000000003,66.7032468900493,72.25377097741568,70.14534171632859,69.02788678797975,144.62212,147.0148
4.160000000000003,68.89109895805835,69.96420362073705,69.36731434582074,68.21566953357159,144.71632,147.109
4.192000000000003,67.83762730613402,61.67448689537143,66.07947359560752,71.7715731272238,144.81052,147.20948
4.224000000000003,69.81159376539952,68.18043214114003,70.93231058498534,69.19758469503473,144.90472,147.30367999999999
4.256000000000003,70.5076591173661,66.69672940328348,71.64098208296406,68.9705864556402,145.0052,147.39788
4.288000000000003,68.18057905762288,75.63123849289813,66.52795674371947,63.60189397339675,145.0994,147.49836
4.320000000000003,66.08602105610824,69.44293349127345,69.94788411860655,65.96222757935644,145.1936,147.59256
4.352000000000003,64.82910953452918,66.79946687366517,68.07392591944078,64.24393581903186,145.2878,147.68676
4.384000000000003,66.72391550832374,68.49675584975803,71.9585549522836,70.43980736859605,145.38828,147.78096
4.416000000000003,65.13473390701677,70.0269417669678,70.63140301837716,67.9558259813901,145.48248,147.88144
4.448000000000003,63.34576561301847,69.60112812317875,62.4239318430636,67.99423429438481,145.57668,147.97564
4.480000000000003,61.295695229697984,74.71773851384467,63.58350940066161,65.7888138335684,145.67716,148.06984
4.512000000000003,60.36291461183162,66.0893510129268,65.43397256676309,68.2777564017274,145.77136,148.16404
4.544000000000003,68.73313269851249,69.10410288785047,66.46898891764022,70.67747152287592,145.86556,148.26452
4.576000000000003,68.36067932833865,67.47609299340326,72.6210761159648,66.30767644654853,145.95976,148.35872
4.608000000000003,65.69198910533196,71.53001024521781,58.09196201290661,70.65604750530879,146.06024,148.45292
4.640000000000003,68.7264704705018,67.10641267869171,71.497103600712,73.34689495630114,146.15444,148.5534
4.672000000000003,62.84561323853507,62.58123120969895,61.836619737671,68.47427935878972,146.24864,148.6476
4.704000000000003,68.56132646115717,64.54100808309028,65.85947891473536,58.56004292442853,146.34284,148.7418
4.736000000000003,73.11462426392612,71.31185980027549,64.59486369648887,67.15525873985092,146.44332,148.836
4.768000000000003,65.26129212817548,67.35062020592301,63.22667930033483,65.91026597663539,146.53752,148.93648
4.800000000000003,71.24667284809901,68.4387569915544,72.63871276746922,68.13827292465997,146.63172,149.03068
4.832000000000003,64.81013447868897,68.19948265118204,64.49324059321401,70.97787578526203,146.7322,149.12488
4.864000000000003,68.09393280674762,64.7106811975101,61.21593629563273,69.90572404329295,146.8264,149.21908
4.8960000000000035,69.03915285321173,66.69385660642774,63.052290810626296,64.4380991452073,146.9206,149.31956
4.9280000000000035,68.32682938404744,65.30879983693104,66.7802261039468,67.51551842591557,147.0148,149.41376
4.9600000000000035,67.77168696535405,67.15719632653816,69.20896988821796,64.19135301044773,147.11528,149.50796
4.9920000000000035,65.76196805202525,66.16316989963474,67.62314721203248,64.12851960613698,147.20948,149.60844
5.024000000000004,65.48249230302575,64.74247312637199,64.42477938161218,67.12887860795017,147.30367999999999,149.70264
5.056000000000004,66.08652614238137,70.79079678743362,66.41659100054699,70.92113073942767,147.39788,149.79684
5.088000000000004,70.59869007395541,69.14953110318035,66.88877254225334,71.69328188041202,147.49836,149.89104
5.120000000000004,67.10227093121689,65.60137246063553,62.530945685643665,72.15248524898136,147.59256,149.99152
5.152000000000004,64.23016064158219,64.87301974221579,67.52909671856949,60.94483766434069,147.68676,150.08572
5.184000000000004,64.01674909725796,71.11838989277229,68.95145196183556,63.30180169528046,147.78724,150.17992
5.216000000000004,59.832674288544,65.67348588467077,68.65989640597608,65.21559647380757,147.88144,150.27412
5.248000000000004,66.47263736958371,69.13723735200934,66.0736485378678,67.25067607222178,147.97564,150.3746
5.280000000000004,65.77550385139455,66.50309937159761,71.74454809069448,67.62566862489057,148.06984,150.4688
5.312000000000004,68.81334082833966,71.92590419699032,68.68249673997438,70.09581681119757,148.17032,150.563
5.344000000000004,69.29070547317664,70.52757233351589,61.10606307275764,67.82640189663165,148.26452,150.66348
5.376000000000004,61.78794035811536,70.30367564669554,66.11525680792732,74.52529467645148,148.35872,150.75768
5.408000000000004,67.93520466652288,60.213860911734294,63.89527605199901,63.874942387277464,148.4592,150.85188
5.440000000000004,67.62909426605397,69.7482531874856,66.37628189975928,67.27249393096105,148.5534,150.94608
5.472000000000004,62.878848063033566,68.47988494715736,64.4500292650124,63.762372621254116,148.6476,151.04656
5.504000000000004,72.43247894195552,70.9829678040987,63.286353989616586,69.20899996018754,148.7418,151.14076
5.536000000000004,63.31035688223175,64.80726188489373,66.38223171279223,62.740252396378445,148.84228,151.23496
5.568000000000004,66.05301770713002,66.82993731702197,66.36927716369051,70.18000978295682,148.93648,151.33544
5.600000000000004,70.49219948433083,70.68899513341692,68.6726784057722,66.67496626675727,149.03068,151.42964
5.632000000000004,68.3329119109219,69.84881064336533,70.0976197174393,67.22893714620433,149.12488,151.52384
5.664000000000004,65.58070426648344,66.85372686454865,67.22930776766849,65.83258856588044,149.22536,151.61804
5.696000000000004,67.55419553052594,68.93950300486259,69.9599184576023,62.422318179642005,149.31956,151.71852
5.728000000000004,61.34995364993642,67.9389033685268,64.65956289011514,72.74303620089286,149.41376,151.81272
5.760000000000004,66.88847867335912,70.25356921721892,59.60214650989582,72.05188309268505,149.51424,151.90692
5.792000000000004,68.00648819466039,66.48454298724215,71.44573621646286,68.51087907757179,149.60844,152.00112
5.824000000000004,61.05451762052415,75.58912269614915,66.10287083663094,67.21435338711771,149.70264,152.1016
5.856000000000004,69.59578310628815,69.96014874814706,62.03898654607213,65.32277139871869,149.79684,152.1958
5.888000000000004,69.91814019730457,68.4556110702302,67.46894585399006,64.86973621605188,149.89732,152.29
5.920000000000004,64.79178938318461,67.96307797919398,78.149732965701,74.41264655746859,149.99152,152.39048
5.952000000000004,67.94959130453194,68.13487056538186,61.605275333483085,70.83742439793207,150.08572,152.48468
5.984000000000004,63.60838699323437,63.946906037698284,69.43613864861476,65.780101378131,150.17992,152.57888
6.0160000000000045,71.89345474580362,64.98553436669727,58.248559176850485,68.1182819047581,150.2804,152.67308
6.0480000000000045,68.32764581326215,73.33066130052421,65.2244668801733,62.00227108033511,150.3746,152.77356
6.0800000000000045,65.65782305067998,66.86874069966451,70.20277284831322,60.77400632088593,150.4688,152.86776
6.1120000000000045,69.04186430802119,67.73817970256371,70.23242410496366,66.00217620241338,150.56928,152.96196
6.144000000000005,63.1111224960643,68.13464477872323,63.104598852534465,74.41874090009141,150.66348,153.05616
6.176000000000005,67.24590520971445,66.86326960300892,62.555125992489415,64.5477293312462,150.75768,153.15664
6.208000000000005,70.30292868779102,65.31357526605306,71.5671377573753,74.1468400504248,150.85188,153.25084
6.240000000000005,68.61769208373626,63.06793836523535,68.1357089264743,62.29467299180721,150.95236,153.34504
6.272000000000005,64.62605579784494,65.43536554679173,64.97967507507182,64.58684544893144,151.04656,153.44552
6.304000000000005,70.93692358233122,67.14709833969734,67.52339737348429,68.47806460660456,151.14076,153.53972
6.336000000000005,64.19480357905546,69.45940684726948,69.54808073862633,70.56242970281671,151.23496,153.63392
6.368000000000005,66.77777676183692,67.0227857923605,71.8959371604506,64.42805889757393,151.33544,153.72812
6.400000000000005,67.94650355290216,67.78800136060256,72.65574184302338,69.3708056480975,151.42964,153.8286
6.432000000000005,68.28215426354151,58.749690399530145,71.5977597729276,63.82323979445705,151.52384,153.9228
6.464000000000005,70.31343445291611,65.0828052920554,66.97773988799433,63.780548629811825,151.62432,154.017
6.496000000000005,73.94233252468666,72.09383605739302,71.58586284260691,72.71016828923536,151.71852,154.1112
6.528000000000005,70.49643758277317,64.59724591642353,66.71182513746172,63.153833731525566,151.81272,154.21168
6.560000000000005,72.18310041440203,69.3317645628427,67.24511781925048,65.42755692689627,151.90692,154.30588
6.592000000000005,67.65633414483378,61.25514033199267,62.98024378756488,74.90933664330512,152.0074,154.40008
6.624000000000005,63.40853302708742,65.4365181474071,67.80904005135957,66.3485926299343,152.1016,154.50056
6.656000000000005,72.37687085580008,71.70354758576525,62.58694112769064,63.9106438011839,152.1958,154.59476
6.688000000000005,66.27691178995171,65.41423363837292,70.02126567414683,72.78972445568337,152.29628,154.68896
6.720000000000005,64.67079162080555,61.18951271311178,59.813469828690046,69.64452355135332,152.39048,154.78316
6.752000000000005,72.57355003383458,69.45327874321785,69.25675336996325,68.39698667999,152.48468,154.88364
6.784000000000005,65.4205484827168,68.91105445623941,60.53711941237126,66.09515406838737,152.57888,154.97784
6.816000000000005,63.687271205889544,64.50075522274518,71.32587630778119,67.14339372856682,152.67936,155.07204
6.848000000000005,64.68856967485128,68.48034660179016,67.44977058151771,64.51166753350303,152.77356,155.17252
6.880000000000005,71.26187474482774,65.47453761619605,67.22336896730368,70.8607124129427,152.86776,155.26672
6.912000000000005,66.77160628588945,66.56617508238577,67.19368215737953,65.42105337731037,152.96196,155.36092
6.944000000000005,65.73584105574949,69.80570741217716,67.48454934562287,63.56572357153506,153.06244,155.45512
6.976000000000005,66.34550113621525,63.59222379844891,63.72385944537837,67.653736944435,153.15664,155.5556
7.008000000000005,59.12470032948986,73.76808465838059,68.7592052581077,67.32333202531429,153.25084,155.6498
7.040000000000005,70.59951811170009,68.60213728051767,61.23253077903188,63.27599320047514,153.35132,155.744
7.072000000000005,64.18905035798535,66.22866936590364,63.665916563199644,70.59181029970063,153.44552,155.8382
7.104000000000005,68.61091603913124,64.43814800314732,64.8805947021074,63.252471888298786,153.53972,155.93868
7.1360000000000054,74.03503872046595,67.4436521144929,66.55574856816335,65.72477961567478,153.63392,156.03288
7.1680000000000055,67.88552069996148,63.23630220348764,65.6916351001597,60.83043553544686,153.7344,156.12708
7.2000000000000055,68.04586081768818,69.70202338421646,64.10473939282997,70.27980525708459,153.8286,156.22756
7.2320000000000055,64.62473702306782,62.14592013976451,63.887511063412404,67.8168705217279,153.9228,156.32176
7.264000000000006,67.19207135257955,66.77653159301687,66.78224112627892,65.6447319750566,154.017,156.41596
7.296000000000006,73.46112803892278,66.52364421107322,61.76147059767888,65.2015556460142,154.11748,156.51016
7.328000000000006,68.30417592445228,66.9164651647123,67.24151290511588,68.66865715690614,154.21168,156.61064
7.360000000000006,69.2014841202903,64.78014830045096,64.26247503673049,66.25950214151429,154.30588,156.70484
7.392000000000006,63.338577243608135,67.90038348999916,68.75556754953567,64.77831382202129,154.40636,156.79904
7.424000000000006,65.94946290336426,65.17984980582003,65.01430569018534,70.85438820024798,154.50056,156.89324
7.456000000000006,67.06090920549175,69.03776923967735,68.5278859748897,66.25617965312595,154.59476,156.99372
7.488000000000006,60.96954367925721,72.90083826916285,70.61821688658934,65.10676544752704,154.68896,157.08792
7.520000000000006,66.95661287858161,66.87026185856749,65.21718520973307,73.13764645712202,154.78944,157.18212
7.552000000000006,69.27087567447289,65.87062418596994,64.76464769218838,64.08754897734067,154.88364,157.2826
7.584000000000006,68.89152251938246,65.04806600779155,69.36624842715126,69.0357253079617,154.97784,157.3768
7.616000000000006,64.65237221568191,70.6158134628446,73.06961253713467,64.8327831737212,155.07204,157.471
7.648000000000006,70.01713705767929,67.94371504031358,67.19659694949229,71.70601414315469,155.17252,157.5652
7.680000000000006,62.4558847484987,68.02405915331768,72.79971001562903,69.83208151817946,155.26672,157.66568
7.712000000000006,65.12775001582355,70.39318038670375,64.95172058086668,68.73509993465375,155.36092,157.75988
7.744000000000006,72.13133040103295,67.11398541679762,64.27585723010651,63.09023132364535,155.4614,157.85408
7.776000000000006,62.221170499832084,70.00391340674945,67.19104362865066,67.918835751805,155.5556,157.94828
7.808000000000006,66.33750493867463,67.79369786256679,70.04325021392702,67.48268803516018,155.6498,158.04876
7.840000000000006,68.57198649158245,57.34819951654914,69.72325874848676,65.30561435197725,155.744,158.14296
7.872000000000006,61.810544856838725,66.51834581092753,67.66649652541633,68.79172104187823,155.84448,158.23716
7.904000000000006,62.741357078252506,64.42326256335467,66.29384152339894,67.95654954434787,155.93868,158.33764
7.936000000000006,64.39739073218738,62.78878000035506,69.23691376853601,66.85505135259895,156.03288,158.43184
7.968000000000006,68.6541066967871,63.783676947056485,69.81278848471014,65.64650339988916,156.13336,158.52604
8.000000000000005,74.85972836392035,70.40164845726241,72.52122161535414,68.14613842037133,156.22756,158.62024
8.032000000000005,63.61273271775925,66.0063135152754,61.43950004070192,73.87064552731735,156.32176,158.72072
8.064000000000005,67.45484931656928,60.416262485432235,58.37876417405093,62.068768550195976,156.41596,158.81492
8.096000000000005,67.29429356598513,62.42954667021663,66.0806387527418,61.84787761359256,156.51644,158.90912
8.128000000000005,69.6132775947583,70.21798838476265,65.13631347826757,68.75419524840224,156.61064,159.0096
8.160000000000005,69.15457076019166,66.10532352688894,72.76466108700649,69.4088128340314,156.70484,159.1038
8.192000000000005,62.50877737487683,63.5066894154129,67.83149521947152,70.15573778786478,156.79904,159.198
8.224000000000006,70.16092211464958,67.8131140091379,67.79133090417194,67.71335840176883,156.89952,159.2922
8.256000000000006,63.36441064753989,63.14294344815014,63.857773132485974,67.78446465572219,156.99372,159.39268
8.288000000000006,64.33853481109279,68.45516431628847,69.18572522788725,74.67892704178037,157.08792,159.48688
8.320000000000006,64.29670730583739,67.24252521827722,67.42621589838764,64.93238440988519,157.1884,159.58108
8.352000000000006,72.2955289931677,65.86309954349963,64.1463804380264,71.05253446347115,157.2826,159.67528
8.384000000000006,80.15745339483576,64.64545533686356,66.16165942448372,72.71223516447702,157.3768,159.77576
8.416000000000006,87.72213931770975,77.54057684737853,66.81606807563696,68.84990856454671,157.471,159.86996
8.448000000000006,105.73351563220567,86.75324555333458,71.64195415966064,69.02905705760517,157.57148,159.96416
8.480000000000006,108.31633894672763,96.26686902113661,69.74933448021063,67.48507445132341,157.66568,160.06464
8.512000000000006,113.28020843595239,103.5145275148706,68.87959626733969,67.73727097780977,157.75988,160.15884
8.544000000000006,106.87144996586278,109.02350259322796,72.82943419694763,67.39526788236716,157.85408,160.25304
8.576000000000006,115.13095451583908,109.78694896031247,70.7223857589629,56.23807356256071,157.95456,160.34724
8.608000000000006,129.8045610154428,110.18477344911551,63.76274901218828,68.13822953158653,158.04876,160.44772
8.640000000000006,137.15480816883934,132.62877314770552,60.385029595619464,62.34148143240878,158.14296,160.54192
8.672000000000006,156.5158033090384,145.36615392074742,66.11619473058668,71.2036101760768,158.24344,160.63612
8.704000000000006,158.93689455148981,147.73700140199142,63.7572470443905,62.178899132746714,158.33764,160.73032
8.736000000000006,183.65351576424658,159.17399008180692,69.07343932409339,67.24558404697642,158.43184,160.8308
8.768000000000006,209.963651738712,179.41002070527352,67.18162912639107,70.90607382473084,158.52604,160.925
8.800000000000006,226.96274314235308,198.5584676061302,63.28459336966929,66.32325552179381,158.62652,161.0192
8.832000000000006,250.7396969127177,213.03310141819662,66.32992738827207,61.906742261138085,158.72072,161.11968
8.864000000000006,293.6787159800818,263.6526156848803,64.77284001847809,64.69269239896491,158.81492,161.21388
8.896000000000006,334.2082618090434,320.5880724633139,65.82750390226234,71.9864013228978,158.90912,161.30808
8.928000000000006,379.62372570634983,351.05315792476057,69.14560649286213,63.19099492190657,159.0096,161.40228
8.960000000000006,492.9380514110144,421.5317227779255,62.65395981312349,66.24869363807692,159.1038,161.50276
8.992000000000006,617.4889547895476,544.6961401491868,65.3850920978442,72.35040216844001,159.198,161.59696
9.024000000000006,1076.6691926320648,831.7597925461805,68.34204007538588,68.1701772613364,159.29848,161.69116
9.056000000000006,1530.4497073213513,1205.6962675399027,60.98662631112432,67.58260108256745,159.39268,161.78536
9.088000000000006,1871.9369322128264,1644.9079809326136,69.96430919625675,65.46620319048621,159.48688,161.88584
9.120000000000006,1713.8863029291174,1467.7781011992536,69.48125006867384,64.10504169158261,159.58108,161.98004
9.152000000000006,1335.739041645916,1083.5359781095824,67.78842996467722,61.329143106319194,159.68156,162.07424
9.184000000000006,1456.7707402968706,1251.3467442691983,65.60116388161404,66.04410267823977,159.77576,162.17472
9.216000000000006,1501.010520726731,1233.3581566567236,69.93691479741423,65.94803453577521,159.86996,162.26892
9.248000000000006,1508.1329182339339,1259.8931850735926,66.79911892133744,67.34276406005809,159.96416,162.36312
9.280000000000006,1513.683132177147,1303.4511997012994,68.10188922953178,70.98710869667812,160.06464,162.45732
9.312000000000006,1529.8256742608896,1299.5557400640678,68.8699316276298,67.33965384318017,160.15884,162.5578
9.344000000000007,1546.146213396462,1307.4776941228845,65.0692599437597,70.2481149947568,160.25304,162.652
9.376000000000007,1559.5703842651249,1332.6653970594452,68.8624750968481,63.590857502270325,160.35352,162.7462
9.408000000000007,1569.2282517805158,1318.031654241222,76.34694731601552,68.3306632980566,160.44772,162.8404
9.440000000000007,1576.224201813649,1312.9603842117901,70.6509003230795,72.26859217557036,160.54192,162.94088
9.472000000000007,1581.1781747629816,1330.9126230558438,73.5865842224102,66.36988258681173,160.63612,163.03508
9.504000000000007,1553.9130506675099,1352.2450982636633,73.81648286748525,61.11024414209911,160.7366,163.12928
9.536000000000007,1568.4317741231982,1365.0660485407657,66.90477908991667,64.87131083663385,160.8308,163.22976
9.568000000000007,1566.8553160811475,1352.79146211138,71.06848777820984,70.58822076555326,160.925,163.32396
9.600000000000007,1562.4328286899265,1354.618886610135,60.59911517242436,68.32635554235839,161.02548,163.41816
9.632000000000007,1571.0835064572823,1346.8745708932456,70.68121085393145,65.7547005550852,161.11968,163.51236
9.664000000000007,1556.004840478789,1361.4357010261617,66.08038559620618,67.4716846311254,161.21388,163.61284
9.696000000000007,1598.1443169627398,1339.8261885356103,63.741343823653274,69.89458488983773,161.30808,163.70704
9.728000000000007,1574.441292329501,1349.7157852309617,65.44491848413003,65.5881632901659,161.40856,163.80124
9.760000000000007,1585.7766757359218,1355.211424570075,67.08961820322881,73.19515915859704,161.50276,163.90172
9.792000000000007,1593.494618066665,1301.623064627245,69.98164787129556,66.11084225234062,161.59696,163.99592
9.824000000000007,1590.9636689824283,1338.7430574759032,60.98752872741188,62.05961393909282,161.69116,164.09012
9.856000000000007,1590.5541211158886,1314.682131067727,63.12054742498274,66.42269614779309,161.79164,164.18432
9.888000000000007,1564.3000352883782,1297.6885518564895,68.4554937390587,68.09969718031526,161.88584,164.2848
9.920000000000007,1592.1737273490487,1359.4173376046424,68.84692239906204,67.18902390263138,161.98004,164.379
9.952000000000007,1583.8558949469018,1320.4560519330691,64.82763607512078,68.808152338912,162.08052,164.4732
9.984000000000007,1580.8513911723687,1305.6635434958853,68.10126404260082,61.162034159481614,162.17472,164.5674
